Melchior3000,"Il faut davantage de salsepareille dans cette soupe !"
Gaspard093,"Le parfum c'est important."
JMB,"Nous devons nous rÃ©unir pour l'Ã©cole."
Nico12,Way la play sa dÃ©shire !
Paul40,à² _à²  OUlalala ! Ã‰vidÃ©mment Ã§a fonctionne en unicode ! à² _à² 
Ankor1,Venez visiter notre beau pays !TestMon,Test de service. Coucou :).TestMon,Test de service. DzieÅ„ dobry!
TestMon,Test de service. Coucou :).
AnÂ¤n1m0us,95981208-1192-4bdf-96a8-b3f40d20f2c0
TestMon,Test de service. Bonjour !
TestMon,Test de service. ğŸ¤—
TestMon,Test de service. Coucou :).
TestMon,Test de service. Bonjour !
AnÂ¤n1m0us,73acf904-f5e1-4f06-be7f-9c0d76b8ff52
test,test
TestMon,Test de service. DzieÅ„ dobry!
TestMon,Test de service. DzieÅ„ dobry!
jeannine-lucie,ğŸ’‹
TestMon,Test de service. Coucou :).
TestMon,Test de service. Coucou :).
TestMon,Test de service. Nous reviendrons plus tard.
TestMon,Test de service. Bonjour !
AnÂ¤n1m0us,b8a0f09e-9de6-4977-ab61-3b0c7791294e
louise,ğŸ’‹
TestMon,Test de service. Coucou :).
TestMon,Test de service. Bonjour !
AnÂ¤n1m0us,65f919bc-1e53-47b4-8149-cf0ae6f4cb1b
AnÂ¤n1m0us,a628b91a-a64c-4cd7-8151-2ab43eb2958e
TestMon,Test de service. Bonjour !
Ã©dith,ğŸ’‹
lol,"<iframe src=""https://giphy.com/embed/1GrsfWBDiTN60"" width=""480"" height=""262"" frameBorder=""0"" class=""giphy-embed"" allowFullScreen></iframe><p><a href=""https://giphy.com/gifs/dance-long-hair-shake-1GrsfWBDiTN60"">via GIPHY</a></p>"
lol,"<img src=""pic_trulli.jpg"">"
lol,"<img src=""pic_trulli.jpg"">"
TestMon,Test de service. Nous reviendrons plus tard.
lol,"<img src=""pic_trulli.jpg"">"
TestMon,Test de service. Bonjour !
TestMon,Test de service. ğŸ¤—
TestMon,Test de service. DzieÅ„ dobry!
TestMon,Ğ¡ĞµÑ€Ğ²Ğ¸ÑĞ½Ğ¾Ğµ ÑĞ¾Ğ¾Ğ±Ñ‰ĞµĞ½Ğ¸Ğµ. ĞŸÑ€Ğ¸Ğ²ĞµÑ‚ Ğ¿Ñ€Ğ¸Ğ²ĞµÑ‚!
TestMon,Ğ¡ĞµÑ€Ğ²Ğ¸ÑĞ½Ğ¾Ğµ ÑĞ¾Ğ¾Ğ±Ñ‰ĞµĞ½Ğ¸Ğµ. ĞŸÑ€Ğ¸Ğ²ĞµÑ‚ Ğ¿Ñ€Ğ¸Ğ²ĞµÑ‚!
TestMon,Test de service. DzieÅ„ dobry!
TestMon,Test de service. Nous reviendrons plus tard.
TestMon,Test de service. Bonjour !
